dummy,pleWatchNikeSeries440公釐銀色鋁金屬錶殼搭配運動型錶環Cellular版,6650.0,,
dummy,迷你長效隨身型空氣清淨器JL614,205.8,,
dummy,島TAJIMA包膠起子美工刀自動固定式,171.5,,
dummy,llDay口罩濾片30入,105.0,,
dummy,適5刮鬍刀刀把1入刀片2入,202.3,,
dummy,aperrepapi100gsmsize80張雙面格子鋼筆用紙a5size,124.6,,
dummy,扣樂扣AQUA系列沁涼玻璃水壺11L橄欖綠,195.3,,
dummy,olerMasterN300機殼電源組含MWE550W銅牌電源,2093.0,,
dummy,ICONVMEM2SSD硬碟外接盒TCM2C3,1111.6,,
dummy,腳架智慧手機拍攝座146cm福利品,399.0,,
dummy,奇雅白松露醬90g,367.5,,
dummy,國CarterCarters洋裝套裝,654.5,,
dummy,大師MasterMiLOVE?BABY小星泡芙藍莓香蕉口味8gX4包,45.5,,
dummy,日健康分類盒PB24CF2入,52.5,,
dummy,國康寧CORELLE微笑三色堇6吋深盤,151.9,,
dummy,國BBM純天然果醬黑莓370g,139.3,,
dummy,海道產紅豆罐190g,62.3,,
dummy,入超值包NN2803BDNN1601BDS0300T清淨機適用LFHHEPA濾心,749.0,,
dummy,rilogy雙層耐熱玻璃杯_哈士奇252ml,102.9,,
dummy,XIS艾克思省空間扁形多功能乾溼兩用衣架_10入,101.5,,
dummy,ED鏡面時鐘,336.0,,
dummy,值雙鍋組Tefal法國特福璀璨系列24CM平底鍋深炒鍋,2142.0,,
dummy,elloKitty櫸木砧板,455.0,,
dummy,inDRedmi紅米Note8Pro戰術護盾保護套,175.7,,
dummy,能高頻聲波USB充電電動潔牙器薄荷綠,551.6,,
dummy,avidoff大衛杜夫CoolWater冷泉男性淡香水125mlTESTER,574.0,,
dummy,扣樂扣PQ橡膠木健康料理砧板大單入,300.3,,
dummy,nozto10號針電動訂書機白色,534.1,,
dummy,寶兔超水感天然植物除菌清潔劑425g,72.8,,
dummy,vier48AUSB電源供應器軍綠,279.3,,
dummy,版女士雙層斜跨單肩手機錢包灰藍色贈環保飲料杯套,545.3,,
dummy,O2100250A650K可撕便條式筆記70張,38.5,,
dummy,女人迷人刺繡蕾絲性感環扣低腰內褲雪花白,209.3,,
dummy,AMPO微電腦觸控氣炸鍋KZW19301BL,2793.0,,
dummy,EGERE蘭吉兒超能亮安瓶素顏霜25g瓶,209.3,,
dummy,托堡斯TURTLBOX行李箱20吋旅行箱紅寶石TB5,3206.0,,
dummy,珍珠全方位除臭抗菌劑150ml,186.9,,
dummy,ewBalance常年款踝襪_中性_黑色_7110400289,119.0,,
dummy,松鮮魚露500ml,24.5,,
dummy,OCONUT椰型湯鍋單把16CM17L,450.8,,
dummy,塗鞋匠優質鞋材G67140cm雙色配色鞋帶雙,56.0,,
dummy,s凱恩絲有氧蠶絲日系甜美棉柔女三角內褲9件組,635.6,,
dummy,orpoX男款3M科技羽絨防潑水背心深藍,440.3,,
dummy,木家電松木手沖咖啡醇品壺MGKT0811C,699.3,,
dummy,國原廠Sodasan洗碗精檸檬500ml,105.0,,
dummy,之舞進口噴墨透明標籤16格圓角U4267C102包,294.0,,
dummy,塗鞋匠優質鞋材H38EVA足弓七分板雙,126.0,,
dummy,國luvablefriends嬰幼兒100純棉長袖包屁衣5件組_重機車LF55776,896.0,,
dummy,國CityGrips推車手把保護套單把手款氣球好朋友,419.3,,
dummy,國KR?UTERHOF草本莊園洋甘菊保濕滋養霜100ml,132.3,,
dummy,ACHTMANN行星系列水杯4入Sphere,994.0,,
dummy,國luvablefriends嬰幼兒100純棉長袖包屁衣5件組_高雅麋鹿LF53516,896.0,,
dummy,扣樂扣分隔耐熱玻璃保鮮盒圓形900MLLBF409,195.3,,
dummy,墊棉心50X50CM,245.0,,
dummy,本ROOTCOiPhoneXXsToughBasic透明背板軍規防摔手機保護殼共六色,648.9,,
dummy,戀精品CICILY膨脹大老二充氣膨脹老二造型後庭開發器,406.0,,
dummy,韓ttasom無螢光劑彈力棉超優質小童居家服睡衣_純色磚紅_TT013,510.3,,
dummy,0cm磁吸LED燈條宿舍神器露營燈室內燈護眼檯燈USB電源,272.3,,
dummy,身大師全方位美腿機,1049.3,,
dummy,INYO藍牙讀卡喇叭粉紅BTS720PI,279.3,,
dummy,ongXin霧面膚感磨砂iPhoneXRiXR防摔手機殼,203.0,,
dummy,身大師全方位美腿機,1049.3,,
dummy,INYO藍牙讀卡喇叭粉紅BTS720PI,279.3,,
dummy,vierMICROHDMI轉HDMI14版超薄型連接線15M,343.0,,
dummy,國NINO1881寵物記憶墊48x76cmL大理石紋,489.3,,
dummy,勝48mm牛皮紙膠帶,54.6,,
dummy,OREVER日本製造鋒愛華陶瓷刀母親節限量粉紅4件組,1189.3,,
dummy,餐去點心缽碗4入組,76.3,,
dummy,寶超真空保溫杯500CC香檳金SVC5090C,139.3,,
dummy,oxieXSHELLiPhone11ProMax65吋分離式防電磁波皮套側翻皮套棕色,959.0,,
dummy,eeview運動相機手持三軸穩定器附攝影包及配件公司貨,2005.5,,
dummy,ocoLS21Lightning數字35音頻轉換器黑色,279.3,,
dummy,upont法國婆婆手造牛奶糖1公斤,259.7,,
dummy,TEKRS232串口交叉延長線15MZC291,26.6,,
dummy,otoBoy多功能兩用背心背包反光設計水袋專用背包MBTB01,1204.0,,
dummy,貼Loviisa世界地圖無痕壁貼壁紙,245.0,,
dummy,USKCollection經典白麝香淡香精100ml贈經典白麝香亮白保濕乳液200ml,1505.0,,
dummy,IALINO洽利foriPhone11ProMax65吋商務磁扣側掀小牛皮真皮保護皮套,469.0,,
dummy,次貼超值包牛皮本便條本3X3100張本2本包61020,23.8,,
dummy,ORA巴萊之星7吋七合一隨身dvd,1883.0,,
dummy,韓Puco超優質細緻嬰幼兒兒童100純棉秋冬家居服睡衣_小紅帽_PCW009,476.0,,
dummy,本NPGFairyBlack每分鐘13500轉可長時間使用大凸點加強版按摩棒黑,1540.0,,
dummy,情14吋箱扇KB1487,686.7,,
dummy,載椅背餐盤,167.3,,
dummy,NVISIBLESHIELD奈米撥水亮光清潔劑多用途抗菌除臭型740ml,279.3,,
dummy,D北歐風保養品收納盒,34.3,,
dummy,克曼博士超潔淨去污膏石,195.3,,
dummy,SO勁步雙核心職場通勤真皮綁帶奈米紳士鞋黑,1533.0,,
dummy,elloKittyH型胸背S,154.0,,
dummy,D曲面鋼化膜三星SamsungGalaxyS10e全滿版保護貼玻璃貼手機保護貼保護膜,343.0,,
dummy,0x30折疊收納椅,304.5,,
dummy,kloo工業風可提式雙層收納欄收納箱氣質白,489.3,,
dummy,福揚邑耐重無痕防水防潮真空旋鎖式吸盤不鏽鋼扇形轉角置物架,559.3,,
dummy,ocoiPhoneXR莫爾系列防摔軟套,69.3,,
dummy,美特6層小型風琴包,70.0,,
dummy,ANLINXY2專利新手機錄影雙軸穩定器,1329.3,,
dummy,ariMouse單手自動切割膠帶台內附含12mmx13M透明膠帶1卷,224.0,,
dummy,oren無線藍牙耳機P1T灰黑色,279.3,,
dummy,inDRedmi紅米7戰術護盾保護套,175.0,,
dummy,CTUSBTypeC轉RJ45超高速網路卡UR3111,349.3,,
dummy,MARE鎢鋼系列魅力銀寬款,1736.0,,
dummy,Smartbearing智慧魔力進階充電款紅光9段熱敷刮痧拔罐按摩機可換按摩頭美體儀4色可選,699.3,,
dummy,日本原裝BEBIO除臭噴霧300ml,209.3,,
dummy,LOWEPRO泰壺TahoeCS20藍專業相機包台閔公司貨,238.0,,
dummy,香港ToynaryDN01Cerise特納爾雙頭設計陰部後庭兩用按摩棒桃,616.0,,
dummy,EJING護目套鏡安全防護高質感眼鏡可配戴砂黑灰偏光鏡片EJ9411BK,559.3,,
dummy,PUSH旅遊用品高信價比旅遊防盜腰包健身跑步防盜腰包隱形腰包護照包U241,279.3,,
dummy,加贈晶鑽金元寶招財開運仿銅太極金龍與貔貅金蟾蜍龍龜同為招財開運神獸A1寶石含開光,693.0,,
dummy,快樂家免釘膠304不鏽鋼清潔用品單孔置物架小,63.0,,
dummy,快潔適博寶兒奶瓶蔬果洗潔精650g,69.3,,
dummy,LG喜馬拉雅粉晶鹽牙膏花香薄荷100g,69.3,,
dummy,香草集JustHerb繡線菊舒緩30入60g,294.0,,
dummy,超高效透明防摔保護殼forSamsungS10e,56.0,,
dummy,GrenoplusUSBTypeC31toTypeC31高速傳輸充電線ThunderBolt1M,413.0,,
dummy,妙管家黴菌殺手去黴劑750g,72.8,,
dummy,GOATSTORYGINA手沖智慧咖啡壺銀色,5586.0,,
dummy,天使霓裳童裝休閒甜心連帽外套長褲兩件組套裝桃,1036.0,,
dummy,標準風箏捲線小,84.0,,
dummy,迪士尼小汽車DM05唐老鴨垃圾車,175.0,,
dummy,拍痧棒,200.9,,
dummy,超值雙鍋組Tefal法國特福璀璨系列28CM平底鍋深炒鍋,2422.0,,
dummy,ROCK華為HUAWEIMate20Pro晶彩系列抗震防摔手機保護殼,105.0,,
dummy,快可換星河18WLED吸頂燈白光全電壓IP54,621.6,,
dummy,ANSNIPERSPF01抗UV400保麗萊可上翻偏光方形夾鏡墨綠片近視者的唯一選擇超高CP值銷售第一,301.0,,
dummy,NIKEDYNAMOFREESETD童鞋AA7217601,340.2,,
dummy,XDDESIGNBOBBYCOMPRESSIBLE雙層旅行收納伸縮包桃品國際公司貨,406.0,,
dummy,TRENY可調式手工鋸2入鋸片,41.3,,
dummy,BOSS5開4插3P高溫斷電延長線18米,321.3,,
dummy,廚房專用防水防汙防油煙耐高溫透明貼紙貼紙三入,103.6,,
dummy,防摔四角加厚空壓殼iPhone11Proi11Pro手機殼保護殼手機套軟殼保護套防撞透金,245.0,,
dummy,防摔四角加厚空壓殼iPhone6i6s手機殼保護殼手機套軟殼保護套防撞,245.0,,
dummy,Ks凱恩絲迷人蝴蝶結專利蠶絲舒適內褲mo9款粉,69.3,,
dummy,New寵物休閒狗雨衣藍色點點L號,230.3,,
dummy,舌尖凌辱3段變頻飛天潮吹口交器跳蛋,476.0,,
dummy,滾動幸福PU輪辦公椅輪子電腦椅輪子50F1BGUR381組5入適用各種辦公椅,294.0,,
dummy,金安德森逐夢桃樂絲隨心所欲2way側肩包蘑菇紅KA160003RDF,1532.3,,
dummy,WIWI中筒抗菌除臭按摩襪中性純淨白,245.0,,
dummy,USB防水騎行包胸包後背包,250.6,,
dummy,SCHOTTZWIESEL德國蔡司IVENTO波爾多紅酒杯633ml2入組,723.1,,
dummy,CaseologyWaterfall抗衝擊手機殼foriPhone7847吋,273.0,,
dummy,簡約車載出風口手機支架,88.9,,
dummy,1米20版編織HDMI高速傳輸線,476.0,,
dummy,beurer德國博依多功能深層指壓按摩枕墊MG145,1455.3,,
dummy,Gaoria我性感嗎高檔刺繡蕾絲眼罩遊戲派對聚會面具,98.0,,
dummy,倒車鏡頭G7AXR55LED高清夜視防水外掛式倒車鏡頭,335.3,,
dummy,除濕脫臭袋系列鞋內用20593入,202.3,,
dummy,UnitedAthle5050高機能網眼POLO衫寶藍,291.9,,
dummy,香草集JustHerb亮澤修護洗髮精480mL,504.0,,
dummy,Quenby氣質美人最愛珍珠款耳環白色,65.8,,
dummy,日本Aqua慾火情人雙震蛋,476.0,,
dummy,愛情火辣辣遙控高潮褲丁字褲遙控跳蛋必備黑色,126.0,,
dummy,HANLINCarPM家用車用SGS認證迷你空氣清淨機,699.3,,
dummy,小禮堂HelloKitty日製塑膠方形保鮮盒組3入米紅便當盒水果盒,267.4,,
dummy,PAPERANG口袋列印小精靈喵喵機,1386.0,,
dummy,linglingA365301全尺碼戀愛氣球小熊條紋牛奶絲短袖連身裙睡衣甜蜜桔粉,279.3,,
dummy,三光牌新妙用雙層真空不鏽鋼保溫杯500cc無烤漆顏色隨機F500ES,419.3,,
dummy,男性長袖半高領排汗保暖衣黑色,315.0,,
dummy,美國Slinky玩具總動員彈簧狗,831.6,,
dummy,群加包爾星克CUBCEARA0005TypeC抗搖擺USB20AM充電傳輸線05M,112.0,,
dummy,皇家竹炭蒸餾竹醋液80ml,105.0,,
dummy,SJCam原廠配件SJ45000雙槽座充USB,278.6,,
dummy,ESR億色iPhone11皮革套超越原廠真皮手機殼套雅尚真皮系列,209.3,,
dummy,HIKOYA環保無毒強力洗衣球6入,118.3,,
dummy,fujiei霧面黑底白字泰文電腦鍵盤貼紙,91.0,,
dummy,綠聯25吋TypeCUSB31隨身硬碟外接盒,419.3,,
dummy,DIGIPODTR1588V油壓雲台腳架,2093.0,,
dummy,全視線MBAHD83D室內日夜兩用夜視型AHD1080P8顆紅外線LED攝影機,1386.0,,
dummy,恐龍塑橡膠還原噴劑600ml,154.0,,
dummy,BeOK居家汽用折疊式收納置物盒55L卡其,588.7,,
dummy,云云小坊隱形內衣bra鯨魚胸貼隱形胸罩膚色,266.0,,
dummy,InjinjiTRAIL女性野跑避震吸排五趾中筒襪湖水藍,385.0,,
dummy,英國JoJoMamanBeBe100純棉多功能細紗布拍嗝巾安撫巾小薄被5入組6060cm_花花世界JJD4741,826.0,,
dummy,UnitedAthle5050高機能網眼POLO衫紅色,291.9,,
dummy,戶外桌椅冰桶擴充置杯架飲料架4入,420.0,,
dummy,絲襪吊帶襪台灣製一體成型吊帶透膚絲襪流行E線B082,139.3,,
dummy,LBIZA伊碧莎簡約造型雙人布沙發5色,4899.3,,
dummy,英國ANSNIPER抗UV藍光偏光REVO高清運動鏡外銷13件組深藍SP0868,629.3,,
dummy,KINYO藍牙音箱黑BTS730B,489.3,,
dummy,CASESHOPSAMSUNGGalaxyJ4專用側掀站立式皮套黑,133.0,,
dummy,SIDASGel薄型鞋墊,279.3,,
dummy,加厚環保杯套英倫風短款2入,147.0,,
dummy,輝柏FABERCASTELL好點子馬卡龍鋼筆140924F尖粉橘,468.3,,
dummy,日本HARIOV60雲朵耐熱微波咖啡壺600mlXGT60TB,483.0,,
dummy,NayaNina玩色中度級運動內衣褲組Y字背三角白,209.3,,
dummy,JY男女速乾透氣運動休閒排汗衫黑色,174.3,,
dummy,斑馬加長電木服務匙1010L,85.4,,
dummy,GlovesInABottle瓶中隱形手套長效防護乳60ml,196.0,,
dummy,雜誌款甜甜圈包包頭日系包子頭丸子頭魔鬼粘盤髮器2入大小可選,139.3,,
dummy,Quenby925純銀簡約弧形線條感長流蘇耳環耳針,90.3,,
dummy,日本桃雪今治細絨毛巾桃紅色,193.2,,
dummy,ADROCKET多功能訓練平衡板扭腰板瑜珈健身平衡板,279.3,,
dummy,西班牙卡門綜合胡椒粒40g,170.1,,
dummy,斑馬電木湯杓3吋漏孔,85.4,,
dummy,DeHUB白色強力可調蓮蓬頭架,318.5,,
dummy,瑞典LELOLOKI洛基G點前列腺按摩棒寶石藍,4116.0,,
dummy,iLeco充電快80MicroUSB編織傳輸線12公尺LUXMC012,139.3,,
dummy,東京御用NinjaSAMSUNGGalaxyJ7Pro55吋專用高透防刮無痕螢幕保護貼,131.6,,
dummy,美國luvablefriends嬰幼兒100純棉長袖包屁衣3件組_調皮企鵝LF55020,686.0,,
dummy,INTOPIC廣鼎鋁合金無線快速充電板WCP05,209.3,,
dummy,品樂LaVie有機彩棉加厚保暖寶寶襪童襪可愛動物系列三雙組,174.3,,
